2023-08-21 12:48:22.374182369 +0200 CEST m=+0.002377854,2023-08-21 13:18:22.395280455 +0200 CEST m=+1800.023475935,unl,1800000000000,reference,8,6,12,4,8,2,0.25,100,1
2023-08-21 13:21:55.632138803 +0200 CEST m=+0.002266316,2023-08-21 13:51:55.633436905 +0200 CEST m=+1800.003564401,unl,1800000000000,reference,8,6,12,4,8,2,0.25,100,1
2023-08-21 13:55:28.978357805 +0200 CEST m=+0.002751872,2023-08-21 14:25:28.98202064 +0200 CEST m=+1800.006414685,unl,1800000000000,reference,8,6,12,4,8,2,0.25,100,1
2023-08-21 14:29:02.586604644 +0200 CEST m=+0.002152502,2023-08-21 14:59:02.687179776 +0200 CEST m=+1800.102727616,unl,1800000000000,interval,8,6,12,4,8,2,0.25,100,0.5
2023-08-21 15:02:35.970896853 +0200 CEST m=+0.003101910,2023-08-21 15:32:36.027248654 +0200 CEST m=+1800.059453696,unl,1800000000000,interval,8,6,12,4,8,2,0.25,100,0.5
2023-08-21 15:36:09.338055567 +0200 CEST m=+0.002250770,2023-08-21 16:06:09.339189463 +0200 CEST m=+1800.003384659,unl,1800000000000,interval,8,6,12,4,8,2,0.25,100,0.5
2023-08-21 16:09:43.146371857 +0200 CEST m=+0.002656790,2023-08-21 16:39:43.181463314 +0200 CEST m=+1800.037748214,unl,1800000000000,interval,8,6,12,4,8,2,0.25,100,30
2023-08-21 16:43:16.704578558 +0200 CEST m=+0.002255078,2023-08-21 17:13:16.778516078 +0200 CEST m=+1800.076192552,unl,1800000000000,interval,8,6,12,4,8,2,0.25,100,30
2023-08-21 17:16:50.142476789 +0200 CEST m=+0.002716224,2023-08-21 17:46:50.192440291 +0200 CEST m=+1800.052679719,unl,1800000000000,interval,8,6,12,4,8,2,0.25,100,30
2023-08-21 17:50:23.031017469 +0200 CEST m=+0.002476580,2023-08-21 18:20:23.033318616 +0200 CEST m=+1800.004777728,unl,1800000000000,interval,8,6,12,4,8,2,0.25,100,3
2023-08-21 18:23:56.169922415 +0200 CEST m=+0.002109609,2023-08-21 18:53:56.172860392 +0200 CEST m=+1800.005047582,unl,1800000000000,interval,8,6,12,4,8,2,0.25,100,3
2023-08-21 18:57:29.47168611 +0200 CEST m=+0.002122675,2023-08-21 19:27:29.472783542 +0200 CEST m=+1800.003220076,unl,1800000000000,interval,8,6,12,4,8,2,0.25,100,3
2023-08-21 19:31:02.923742043 +0200 CEST m=+0.002247440,2023-08-21 20:01:02.925166862 +0200 CEST m=+1800.003672236,unl,1800000000000,d,24,6,12,4,8,2,0.25,100,1
2023-08-21 20:04:36.228035626 +0200 CEST m=+0.002190991,2023-08-21 20:34:36.32875789 +0200 CEST m=+1800.102913222,unl,1800000000000,d,24,6,12,4,8,2,0.25,100,1
2023-08-21 20:38:09.088073 +0200 CEST m=+0.002339992,2023-08-21 21:08:09.189018197 +0200 CEST m=+1800.103285190,unl,1800000000000,d,24,6,12,4,8,2,0.25,100,1
2023-08-21 21:11:42.382943401 +0200 CEST m=+0.002411927,2023-08-21 21:41:42.384134869 +0200 CEST m=+1800.003603363,unl,1800000000000,d,12,6,12,4,8,2,0.25,100,1
2023-08-21 21:45:15.592051077 +0200 CEST m=+0.002165870,2023-08-21 22:15:15.595734045 +0200 CEST m=+1800.005848858,unl,1800000000000,d,12,6,12,4,8,2,0.25,100,1
2023-08-21 22:18:48.807688887 +0200 CEST m=+0.002683066,2023-08-21 22:48:48.809346473 +0200 CEST m=+1800.004340635,unl,1800000000000,d,12,6,12,4,8,2,0.25,100,1
2023-08-21 22:52:22.387874208 +0200 CEST m=+0.002254131,2023-08-21 23:22:22.389070502 +0200 CEST m=+1800.003450414,unl,1800000000000,d,6,6,12,4,8,2,0.25,100,1
2023-08-21 23:25:55.786575109 +0200 CEST m=+0.002353497,2023-08-21 23:55:55.78820126 +0200 CEST m=+1800.003979638,unl,1800000000000,d,6,6,12,4,8,2,0.25,100,1
2023-08-21 23:59:29.003525412 +0200 CEST m=+0.002021279,2023-08-22 00:29:29.004967976 +0200 CEST m=+1800.003463819,unl,1800000000000,d,6,6,12,4,8,2,0.25,100,1
2023-08-22 00:33:02.637899413 +0200 CEST m=+0.002222486,2023-08-22 01:03:02.640882955 +0200 CEST m=+1800.005206030,unl,1800000000000,dlo,8,2,12,4,8,2,0.25,100,1
2023-08-22 01:06:36.019124671 +0200 CEST m=+0.002389278,2023-08-22 01:36:36.0204104 +0200 CEST m=+1800.003675003,unl,1800000000000,dlo,8,2,12,4,8,2,0.25,100,1
2023-08-22 01:40:09.56932599 +0200 CEST m=+0.002355683,2023-08-22 02:10:09.587871333 +0200 CEST m=+1800.020901014,unl,1800000000000,dlo,8,2,12,4,8,2,0.25,100,1
2023-08-22 02:13:43.329849807 +0200 CEST m=+0.002038233,2023-08-22 02:43:43.331782605 +0200 CEST m=+1800.003971007,unl,1800000000000,dlo,8,3,12,4,8,2,0.25,100,1
2023-08-22 02:47:17.719103581 +0200 CEST m=+0.002546931,2023-08-22 03:17:17.722408866 +0200 CEST m=+1800.005852209,unl,1800000000000,dlo,8,3,12,4,8,2,0.25,100,1
2023-08-22 03:20:51.5036473 +0200 CEST m=+0.002350565,2023-08-22 03:50:51.506478121 +0200 CEST m=+1800.005181341,unl,1800000000000,dlo,8,3,12,4,8,2,0.25,100,1
2023-08-22 03:54:24.693097103 +0200 CEST m=+0.002196939,2023-08-22 04:24:24.695475071 +0200 CEST m=+1800.004574889,unl,1800000000000,dlo,8,8,12,4,8,2,0.25,100,1
2023-08-22 04:27:58.312446269 +0200 CEST m=+0.002274637,2023-08-22 04:57:58.315435571 +0200 CEST m=+1800.005263924,unl,1800000000000,dlo,8,8,12,4,8,2,0.25,100,1
2023-08-22 05:01:32.228487913 +0200 CEST m=+0.002296339,2023-08-22 05:31:32.231181386 +0200 CEST m=+1800.004989798,unl,1800000000000,dlo,8,8,12,4,8,2,0.25,100,1
2023-08-22 05:35:05.780029953 +0200 CEST m=+0.002922509,2023-08-22 06:05:05.793426151 +0200 CEST m=+1800.016318678,unl,1800000000000,dhi,8,6,6,4,8,2,0.25,100,1
2023-08-22 06:08:39.485596051 +0200 CEST m=+0.002329502,2023-08-22 06:38:39.490378105 +0200 CEST m=+1800.007111532,unl,1800000000000,dhi,8,6,6,4,8,2,0.25,100,1
2023-08-22 06:42:13.213114165 +0200 CEST m=+0.002976313,2023-08-22 07:12:13.215634566 +0200 CEST m=+1800.005496719,unl,1800000000000,dhi,8,6,6,4,8,2,0.25,100,1
2023-08-22 07:15:46.9664994 +0200 CEST m=+0.002542771,2023-08-22 07:45:47.069286173 +0200 CEST m=+1800.105329551,unl,1800000000000,dhi,8,6,24,4,8,2,0.25,100,1
2023-08-22 07:49:20.27633743 +0200 CEST m=+0.002117190,2023-08-22 08:19:20.279022871 +0200 CEST m=+1800.004802624,unl,1800000000000,dhi,8,6,24,4,8,2,0.25,100,1
2023-08-22 08:22:54.015277696 +0200 CEST m=+0.002395699,2023-08-22 08:52:54.017192989 +0200 CEST m=+1800.004310993,unl,1800000000000,dhi,8,6,24,4,8,2,0.25,100,1
2023-08-22 08:56:27.68861439 +0200 CEST m=+0.002129494,2023-08-22 09:26:27.70443287 +0200 CEST m=+1800.017947978,unl,1800000000000,dhi,8,6,8,4,8,2,0.25,100,1
2023-08-22 09:30:01.24887116 +0200 CEST m=+0.002231477,2023-08-22 10:00:01.251588714 +0200 CEST m=+1800.004949015,unl,1800000000000,dhi,8,6,8,4,8,2,0.25,100,1
2023-08-22 10:03:34.744605375 +0200 CEST m=+0.002326710,2023-08-22 10:33:34.746083457 +0200 CEST m=+1800.003804793,unl,1800000000000,dhi,8,6,8,4,8,2,0.25,100,1
2023-08-22 10:37:08.253876556 +0200 CEST m=+0.002472118,2023-08-22 11:07:08.255544863 +0200 CEST m=+1800.004140423,unl,1800000000000,dscore,8,6,12,2,8,2,0.25,100,1
2023-08-22 11:10:42.213549404 +0200 CEST m=+0.002201651,2023-08-22 11:40:42.217286878 +0200 CEST m=+1800.005939132,unl,1800000000000,dscore,8,6,12,2,8,2,0.25,100,1
2023-08-22 11:44:15.87307735 +0200 CEST m=+0.003160342,2023-08-22 12:14:15.878184577 +0200 CEST m=+1800.008267569,unl,1800000000000,dscore,8,6,12,2,8,2,0.25,100,1
2023-08-22 12:17:49.91946928 +0200 CEST m=+0.002247168,2023-08-22 12:47:49.921705609 +0200 CEST m=+1800.004483494,unl,1800000000000,dscore,8,6,12,6,8,2,0.25,100,1
2023-08-22 12:51:23.477014735 +0200 CEST m=+0.004070049,2023-08-22 13:21:23.480114518 +0200 CEST m=+1800.007169805,unl,1800000000000,dscore,8,6,12,6,8,2,0.25,100,1
2023-08-22 13:24:57.231788533 +0200 CEST m=+0.002532384,2023-08-22 13:54:57.233166913 +0200 CEST m=+1800.003910749,unl,1800000000000,dscore,8,6,12,6,8,2,0.25,100,1
2023-08-22 13:58:30.941613128 +0200 CEST m=+0.003060788,2023-08-22 14:28:30.960616346 +0200 CEST m=+1800.022063992,unl,1800000000000,dscore,8,6,12,8,8,2,0.25,100,1
2023-08-22 14:32:04.305384806 +0200 CEST m=+0.002540703,2023-08-22 15:02:04.308596207 +0200 CEST m=+1800.005752098,unl,1800000000000,dscore,8,6,12,8,8,2,0.25,100,1
2023-08-22 15:05:37.818490176 +0200 CEST m=+0.002126929,2023-08-22 15:35:37.821663308 +0200 CEST m=+1800.005300054,unl,1800000000000,dscore,8,6,12,8,8,2,0.25,100,1
2023-08-22 15:39:11.513510195 +0200 CEST m=+0.002472216,2023-08-22 16:09:11.514838237 +0200 CEST m=+1800.003800235,unl,1800000000000,dlazy,8,6,12,4,16,2,0.25,100,1
2023-08-22 16:12:45.129345992 +0200 CEST m=+0.002400029,2023-08-22 16:42:45.132494912 +0200 CEST m=+1800.005548948,unl,1800000000000,dlazy,8,6,12,4,16,2,0.25,100,1
2023-08-22 16:46:18.840052874 +0200 CEST m=+0.002146163,2023-08-22 17:16:18.843449938 +0200 CEST m=+1800.005543211,unl,1800000000000,dlazy,8,6,12,4,16,2,0.25,100,1
2023-08-22 17:19:52.981270429 +0200 CEST m=+0.002813546,2023-08-22 17:49:52.984334881 +0200 CEST m=+1800.005877974,unl,1800000000000,dlazy,8,6,12,4,4,2,0.25,100,1
2023-08-22 17:53:26.867691151 +0200 CEST m=+0.002453345,2023-08-22 18:23:26.882099483 +0200 CEST m=+1800.016861680,unl,1800000000000,dlazy,8,6,12,4,4,2,0.25,100,1
2023-08-22 18:27:00.987901204 +0200 CEST m=+0.002207665,2023-08-22 18:57:00.990754132 +0200 CEST m=+1800.005060573,unl,1800000000000,dlazy,8,6,12,4,4,2,0.25,100,1
2023-08-22 19:00:35.219047884 +0200 CEST m=+0.002127798,2023-08-22 19:30:35.221865901 +0200 CEST m=+1800.004945818,unl,1800000000000,dlazy,8,6,12,4,6,2,0.25,100,1
2023-08-22 19:34:08.979746163 +0200 CEST m=+0.003080384,2023-08-22 20:04:08.996977896 +0200 CEST m=+1800.020312111,unl,1800000000000,dlazy,8,6,12,4,6,2,0.25,100,1
2023-08-22 20:07:42.664001337 +0200 CEST m=+0.002154069,2023-08-22 20:37:42.667066673 +0200 CEST m=+1800.005219406,unl,1800000000000,dlazy,8,6,12,4,6,2,0.25,100,1
2023-08-22 20:41:16.586405072 +0200 CEST m=+0.002907224,2023-08-22 21:11:16.589189235 +0200 CEST m=+1800.005691372,unl,1800000000000,dout,8,6,12,4,8,4,0.25,100,1
2023-08-22 21:14:50.617927859 +0200 CEST m=+0.002200122,2023-08-22 21:44:50.620427716 +0200 CEST m=+1800.004699962,unl,1800000000000,dout,8,6,12,4,8,4,0.25,100,1
2023-08-22 21:48:24.112409081 +0200 CEST m=+0.002484050,2023-08-22 22:18:24.115566175 +0200 CEST m=+1800.005641129,unl,1800000000000,dout,8,6,12,4,8,4,0.25,100,1
2023-08-22 22:21:57.894254844 +0200 CEST m=+0.002970121,2023-08-22 22:51:57.901447612 +0200 CEST m=+1800.010162866,unl,1800000000000,dout,8,6,12,4,8,6,0.25,100,1
2023-08-22 22:55:31.682239892 +0200 CEST m=+0.002204164,2023-08-22 23:25:31.683402661 +0200 CEST m=+1800.003366932,unl,1800000000000,dout,8,6,12,4,8,6,0.25,100,1
2023-08-22 23:29:05.666272461 +0200 CEST m=+0.002222795,2023-08-22 23:59:05.669344823 +0200 CEST m=+1800.005295158,unl,1800000000000,dout,8,6,12,4,8,6,0.25,100,1
2023-08-23 00:02:39.158943076 +0200 CEST m=+0.002137537,2023-08-23 00:32:39.164012298 +0200 CEST m=+1800.007206758,unl,1800000000000,dout,8,6,12,4,8,1,0.25,100,1
2023-08-23 00:36:13.244402128 +0200 CEST m=+0.004424686,2023-08-23 01:06:13.250085096 +0200 CEST m=+1800.010107637,unl,1800000000000,dout,8,6,12,4,8,1,0.25,100,1
2023-08-23 01:09:47.006728349 +0200 CEST m=+0.002081889,2023-08-23 01:39:47.011751499 +0200 CEST m=+1800.007105015,unl,1800000000000,dout,8,6,12,4,8,1,0.25,100,1
2023-08-23 01:43:20.863598485 +0200 CEST m=+0.002391341,2023-08-23 02:13:20.867542063 +0200 CEST m=+1800.006334895,unl,1800000000000,gossipFactor,8,6,12,4,8,2,0.50,100,1
2023-08-23 02:16:54.782292902 +0200 CEST m=+0.002867668,2023-08-23 02:46:54.785015371 +0200 CEST m=+1800.005590130,unl,1800000000000,gossipFactor,8,6,12,4,8,2,0.50,100,1
2023-08-23 02:50:28.444517016 +0200 CEST m=+0.002485549,2023-08-23 03:20:28.448094589 +0200 CEST m=+1800.006063122,unl,1800000000000,gossipFactor,8,6,12,4,8,2,0.50,100,1
2023-08-23 03:24:02.190642545 +0200 CEST m=+0.002079075,2023-08-23 03:54:02.250547017 +0200 CEST m=+1800.061983546,unl,1800000000000,gossipFactor,8,6,12,4,8,2,1,100,1
2023-08-23 03:57:36.00896492 +0200 CEST m=+0.002177861,2023-08-23 04:27:36.110092661 +0200 CEST m=+1800.103305598,unl,1800000000000,gossipFactor,8,6,12,4,8,2,1,100,1
2023-08-23 04:31:09.910205117 +0200 CEST m=+0.002039113,2023-08-23 05:01:09.911447101 +0200 CEST m=+1800.003281087,unl,1800000000000,gossipFactor,8,6,12,4,8,2,1,100,1
2023-08-23 05:04:43.733913933 +0200 CEST m=+0.002655121,2023-08-23 05:34:43.735612759 +0200 CEST m=+1800.004353948,unl,1800000000000,gossipFactor,8,6,12,4,8,2,0.15,100,1
2023-08-23 05:38:17.450464796 +0200 CEST m=+0.002478562,2023-08-23 06:08:17.452157521 +0200 CEST m=+1800.004171286,unl,1800000000000,gossipFactor,8,6,12,4,8,2,0.15,100,1
2023-08-23 06:11:51.475308539 +0200 CEST m=+0.003012099,2023-08-23 06:41:51.476932637 +0200 CEST m=+1800.004636192,unl,1800000000000,gossipFactor,8,6,12,4,8,2,0.15,100,1
2023-08-23 14:17:40.161824621 +0200 CEST m=+0.002655026,2023-08-23 14:47:40.168044026 +0200 CEST m=+1800.008874433,general,1800000000000,reference,8,6,12,4,8,2,0.25,100,1
2023-08-23 14:51:14.24548127 +0200 CEST m=+0.002350285,2023-08-23 15:21:14.2487835 +0200 CEST m=+1800.005652508,general,1800000000000,reference,8,6,12,4,8,2,0.25,100,1
2023-08-23 15:24:48.37022571 +0200 CEST m=+0.002549753,2023-08-23 15:54:48.372546382 +0200 CEST m=+1800.004870416,general,1800000000000,reference,8,6,12,4,8,2,0.25,100,1
2023-08-23 15:58:22.14950771 +0200 CEST m=+0.002754412,2023-08-23 16:28:22.250874981 +0200 CEST m=+1800.104121653,general,1800000000000,interval,8,6,12,4,8,2,0.25,100,0.5
2023-08-23 16:31:55.612825422 +0200 CEST m=+0.002331178,2023-08-23 17:01:55.614268549 +0200 CEST m=+1800.003774292,general,1800000000000,interval,8,6,12,4,8,2,0.25,100,0.5
2023-08-23 17:05:28.76011322 +0200 CEST m=+0.002170854,2023-08-23 17:35:28.817731193 +0200 CEST m=+1800.059788813,general,1800000000000,interval,8,6,12,4,8,2,0.25,100,0.5
2023-08-23 17:39:02.544295487 +0200 CEST m=+0.002296789,2023-08-23 18:09:02.547085993 +0200 CEST m=+1800.005087315,general,1800000000000,interval,8,6,12,4,8,2,0.25,100,30
2023-08-23 18:12:36.447663702 +0200 CEST m=+0.002366459,2023-08-23 18:42:36.449097343 +0200 CEST m=+1800.003800062,general,1800000000000,interval,8,6,12,4,8,2,0.25,100,30
2023-08-23 18:46:09.73805824 +0200 CEST m=+0.002975089,2023-08-23 19:16:09.73936812 +0200 CEST m=+1800.004284966,general,1800000000000,interval,8,6,12,4,8,2,0.25,100,30
2023-08-23 19:19:43.033091579 +0200 CEST m=+0.002194278,2023-08-23 19:49:43.034825189 +0200 CEST m=+1800.003927891,general,1800000000000,interval,8,6,12,4,8,2,0.25,100,3
2023-08-23 19:53:16.003399503 +0200 CEST m=+0.002579641,2023-08-23 20:23:16.023198689 +0200 CEST m=+1800.022378814,general,1800000000000,interval,8,6,12,4,8,2,0.25,100,3
2023-08-23 20:26:49.444912041 +0200 CEST m=+0.002406729,2023-08-23 20:56:49.447100526 +0200 CEST m=+1800.004595196,general,1800000000000,interval,8,6,12,4,8,2,0.25,100,3
2023-08-23 21:00:23.282985734 +0200 CEST m=+0.002359468,2023-08-23 21:30:23.284695548 +0200 CEST m=+1800.004069287,general,1800000000000,d,24,6,12,4,8,2,0.25,100,1
2023-08-23 21:33:56.427798724 +0200 CEST m=+0.002276095,2023-08-23 22:03:56.453178293 +0200 CEST m=+1800.027655637,general,1800000000000,d,24,6,12,4,8,2,0.25,100,1
2023-08-23 22:07:30.126680415 +0200 CEST m=+0.002051800,2023-08-23 22:37:30.145836665 +0200 CEST m=+1800.021208017,general,1800000000000,d,24,6,12,4,8,2,0.25,100,1
2023-08-23 22:41:03.392744585 +0200 CEST m=+0.002500540,2023-08-23 23:11:03.396092174 +0200 CEST m=+1800.005848107,general,1800000000000,d,12,6,12,4,8,2,0.25,100,1
2023-08-23 23:14:36.59763799 +0200 CEST m=+0.002138504,2023-08-23 23:44:36.642579436 +0200 CEST m=+1800.047079948,general,1800000000000,d,12,6,12,4,8,2,0.25,100,1
2023-08-23 23:48:09.832232422 +0200 CEST m=+0.002542928,2023-08-24 00:18:09.839043498 +0200 CEST m=+1800.009354018,general,1800000000000,d,12,6,12,4,8,2,0.25,100,1
2023-08-24 00:21:43.269089498 +0200 CEST m=+0.002902610,2023-08-24 00:51:43.272376955 +0200 CEST m=+1800.006190049,general,1800000000000,d,6,6,12,4,8,2,0.25,100,1
2023-08-24 00:55:16.544313886 +0200 CEST m=+0.002614373,2023-08-24 01:25:16.547384531 +0200 CEST m=+1800.005684995,general,1800000000000,d,6,6,12,4,8,2,0.25,100,1
2023-08-24 01:28:50.767411279 +0200 CEST m=+0.003118432,2023-08-24 01:58:50.768962551 +0200 CEST m=+1800.004669669,general,1800000000000,d,6,6,12,4,8,2,0.25,100,1
2023-08-24 02:02:23.797363023 +0200 CEST m=+0.002179662,2023-08-24 02:32:23.800402161 +0200 CEST m=+1800.005218802,general,1800000000000,dlo,8,2,12,4,8,2,0.25,100,1
2023-08-24 02:35:58.117677773 +0200 CEST m=+0.002337853,2023-08-24 03:05:58.120452513 +0200 CEST m=+1800.005112594,general,1800000000000,dlo,8,2,12,4,8,2,0.25,100,1
2023-08-24 03:09:31.520541525 +0200 CEST m=+0.002297546,2023-08-24 03:39:31.540284075 +0200 CEST m=+1800.022040079,general,1800000000000,dlo,8,2,12,4,8,2,0.25,100,1
2023-08-24 03:43:05.078087946 +0200 CEST m=+0.002313647,2023-08-24 04:13:05.079432993 +0200 CEST m=+1800.003658691,general,1800000000000,dlo,8,3,12,4,8,2,0.25,100,1
2023-08-24 04:16:39.141196349 +0200 CEST m=+0.002153048,2023-08-24 04:46:39.1434545 +0200 CEST m=+1800.004411186,general,1800000000000,dlo,8,3,12,4,8,2,0.25,100,1
2023-08-24 04:50:12.867035352 +0200 CEST m=+0.002416581,2023-08-24 05:20:12.868787244 +0200 CEST m=+1800.004168461,general,1800000000000,dlo,8,3,12,4,8,2,0.25,100,1
2023-08-24 05:23:46.690345288 +0200 CEST m=+0.002715988,2023-08-24 05:53:46.691903976 +0200 CEST m=+1800.004274678,general,1800000000000,dlo,8,8,12,4,8,2,0.25,100,1
2023-08-24 05:57:20.497580055 +0200 CEST m=+0.002321548,2023-08-24 06:27:20.55843661 +0200 CEST m=+1800.063178078,general,1800000000000,dlo,8,8,12,4,8,2,0.25,100,1
2023-08-24 06:30:54.185728321 +0200 CEST m=+0.002170247,2023-08-24 07:00:54.187954627 +0200 CEST m=+1800.004396548,general,1800000000000,dlo,8,8,12,4,8,2,0.25,100,1
2023-08-24 07:04:28.818017029 +0200 CEST m=+0.004377817,2023-08-24 07:34:28.82474301 +0200 CEST m=+1800.011103800,general,1800000000000,dhi,8,6,6,4,8,2,0.25,100,1
2023-08-24 07:38:02.569350144 +0200 CEST m=+0.002413577,2023-08-24 08:08:02.622911401 +0200 CEST m=+1800.055974801,general,1800000000000,dhi,8,6,6,4,8,2,0.25,100,1
2023-08-24 08:11:36.320869688 +0200 CEST m=+0.002574670,2023-08-24 08:41:36.338442747 +0200 CEST m=+1800.020147719,general,1800000000000,dhi,8,6,6,4,8,2,0.25,100,1
2023-08-24 08:45:10.644281524 +0200 CEST m=+0.002249599,2023-08-24 09:15:10.662642535 +0200 CEST m=+1800.020610593,general,1800000000000,dhi,8,6,24,4,8,2,0.25,100,1
2023-08-24 09:18:44.45253247 +0200 CEST m=+0.002666551,2023-08-24 09:48:44.456628124 +0200 CEST m=+1800.006762214,general,1800000000000,dhi,8,6,24,4,8,2,0.25,100,1
2023-08-24 09:52:18.31227526 +0200 CEST m=+0.002197658,2023-08-24 10:22:18.316387109 +0200 CEST m=+1800.006309490,general,1800000000000,dhi,8,6,24,4,8,2,0.25,100,1
2023-08-24 10:25:52.529681719 +0200 CEST m=+0.003675630,2023-08-24 10:55:52.533101862 +0200 CEST m=+1800.007095775,general,1800000000000,dhi,8,6,8,4,8,2,0.25,100,1
2023-08-24 10:59:27.198875688 +0200 CEST m=+0.002264376,2023-08-24 11:29:27.200995183 +0200 CEST m=+1800.004383870,general,1800000000000,dhi,8,6,8,4,8,2,0.25,100,1
2023-08-24 11:33:00.927993062 +0200 CEST m=+0.002886111,2023-08-24 12:03:00.933160305 +0200 CEST m=+1800.008053370,general,1800000000000,dhi,8,6,8,4,8,2,0.25,100,1
2023-08-24 12:06:35.168672557 +0200 CEST m=+0.002338661,2023-08-24 12:36:35.174809695 +0200 CEST m=+1800.008475796,general,1800000000000,dscore,8,6,12,2,8,2,0.25,100,1
2023-08-24 12:40:09.861603058 +0200 CEST m=+0.002241556,2023-08-24 13:10:09.863788441 +0200 CEST m=+1800.004426935,general,1800000000000,dscore,8,6,12,2,8,2,0.25,100,1
2023-08-24 13:13:45.014326166 +0200 CEST m=+0.002332857,2023-08-24 13:43:45.015542063 +0200 CEST m=+1800.003548753,general,1800000000000,dscore,8,6,12,2,8,2,0.25,100,1
2023-08-24 13:47:19.633516726 +0200 CEST m=+0.002232376,2023-08-24 14:17:19.635350061 +0200 CEST m=+1800.004065693,general,1800000000000,dscore,8,6,12,6,8,2,0.25,100,1
2023-08-24 14:20:53.872740865 +0200 CEST m=+0.002566021,2023-08-24 14:50:53.876149649 +0200 CEST m=+1800.005974802,general,1800000000000,dscore,8,6,12,6,8,2,0.25,100,1
2023-08-24 14:54:28.646321717 +0200 CEST m=+0.002437752,2023-08-24 15:24:28.649546878 +0200 CEST m=+1800.005662914,general,1800000000000,dscore,8,6,12,6,8,2,0.25,100,1
2023-08-24 15:28:02.940933642 +0200 CEST m=+0.002450573,2023-08-24 15:58:02.942850828 +0200 CEST m=+1800.004367754,general,1800000000000,dscore,8,6,12,8,8,2,0.25,100,1
2023-08-24 16:01:37.187208824 +0200 CEST m=+0.002159587,2023-08-24 16:31:37.188442997 +0200 CEST m=+1800.003393746,general,1800000000000,dscore,8,6,12,8,8,2,0.25,100,1
2023-08-24 16:35:11.11398113 +0200 CEST m=+0.002205154,2023-08-24 17:05:11.115553472 +0200 CEST m=+1800.003777509,general,1800000000000,dscore,8,6,12,8,8,2,0.25,100,1
2023-08-24 17:08:45.139635958 +0200 CEST m=+0.002443257,2023-08-24 17:38:45.142967281 +0200 CEST m=+1800.005774580,general,1800000000000,dlazy,8,6,12,4,16,2,0.25,100,1
2023-08-24 17:42:18.60147144 +0200 CEST m=+0.002757422,2023-08-24 18:12:18.604503488 +0200 CEST m=+1800.005789464,general,1800000000000,dlazy,8,6,12,4,16,2,0.25,100,1
2023-08-24 18:15:52.933245502 +0200 CEST m=+0.002434161,2023-08-24 18:45:52.934410316 +0200 CEST m=+1800.003598973,general,1800000000000,dlazy,8,6,12,4,16,2,0.25,100,1
2023-08-24 18:49:27.156166414 +0200 CEST m=+0.002385481,2023-08-24 19:19:27.15794234 +0200 CEST m=+1800.004161402,general,1800000000000,dlazy,8,6,12,4,4,2,0.25,100,1
2023-08-24 19:23:00.494252815 +0200 CEST m=+0.002321414,2023-08-24 19:53:00.496950831 +0200 CEST m=+1800.005019451,general,1800000000000,dlazy,8,6,12,4,4,2,0.25,100,1
2023-08-24 19:56:34.265933085 +0200 CEST m=+0.002307946,2023-08-24 20:26:34.267333172 +0200 CEST m=+1800.003707997,general,1800000000000,dlazy,8,6,12,4,4,2,0.25,100,1
2023-08-24 20:30:07.345961949 +0200 CEST m=+0.002264701,2023-08-24 21:00:07.348008092 +0200 CEST m=+1800.004310820,general,1800000000000,dlazy,8,6,12,4,6,2,0.25,100,1
2023-08-24 21:03:41.714182081 +0200 CEST m=+0.002403597,2023-08-24 21:33:41.719561678 +0200 CEST m=+1800.007783178,general,1800000000000,dlazy,8,6,12,4,6,2,0.25,100,1
2023-08-24 21:37:16.361335988 +0200 CEST m=+0.003183962,2023-08-24 22:07:16.364860957 +0200 CEST m=+1800.006708930,general,1800000000000,dlazy,8,6,12,4,6,2,0.25,100,1
2023-08-24 22:10:50.892978418 +0200 CEST m=+0.002525944,2023-08-24 22:40:50.894592944 +0200 CEST m=+1800.004140476,general,1800000000000,dout,8,6,12,4,8,4,0.25,100,1
2023-08-24 22:44:25.709171099 +0200 CEST m=+0.002237553,2023-08-24 23:14:25.713799442 +0200 CEST m=+1800.006865882,general,1800000000000,dout,8,6,12,4,8,4,0.25,100,1
2023-08-24 23:18:00.914554419 +0200 CEST m=+0.002325088,2023-08-24 23:48:00.91613565 +0200 CEST m=+1800.003906316,general,1800000000000,dout,8,6,12,4,8,4,0.25,100,1
2023-08-24 23:51:34.596256064 +0200 CEST m=+0.002138171,2023-08-25 00:21:34.609125777 +0200 CEST m=+1800.015007883,general,1800000000000,dout,8,6,12,4,8,6,0.25,100,1
2023-08-25 00:25:08.497099441 +0200 CEST m=+0.002533957,2023-08-25 00:55:08.499443105 +0200 CEST m=+1800.004877601,general,1800000000000,dout,8,6,12,4,8,6,0.25,100,1
2023-08-25 00:58:42.283760657 +0200 CEST m=+0.002316561,2023-08-25 01:28:42.304936658 +0200 CEST m=+1800.023492558,general,1800000000000,dout,8,6,12,4,8,6,0.25,100,1
2023-08-25 01:32:16.058951058 +0200 CEST m=+0.002097384,2023-08-25 02:02:16.062910104 +0200 CEST m=+1800.006056435,general,1800000000000,dout,8,6,12,4,8,1,0.25,100,1
2023-08-25 02:05:50.288635488 +0200 CEST m=+0.003056590,2023-08-25 02:35:50.290673931 +0200 CEST m=+1800.005095019,general,1800000000000,dout,8,6,12,4,8,1,0.25,100,1
2023-08-25 02:39:24.302293421 +0200 CEST m=+0.002389580,2023-08-25 03:09:24.313404815 +0200 CEST m=+1800.013500962,general,1800000000000,dout,8,6,12,4,8,1,0.25,100,1
2023-08-25 03:12:59.074506514 +0200 CEST m=+0.002548033,2023-08-25 03:42:59.077582449 +0200 CEST m=+1800.005623961,general,1800000000000,gossipFactor,8,6,12,4,8,2,0.50,100,1
2023-08-25 03:46:33.455839077 +0200 CEST m=+0.002476095,2023-08-25 04:16:33.459375492 +0200 CEST m=+1800.006012506,general,1800000000000,gossipFactor,8,6,12,4,8,2,0.50,100,1
2023-08-25 04:20:07.391726775 +0200 CEST m=+0.002209754,2023-08-25 04:50:07.395199229 +0200 CEST m=+1800.005682207,general,1800000000000,gossipFactor,8,6,12,4,8,2,0.50,100,1
2023-08-25 04:53:42.111415451 +0200 CEST m=+0.002308007,2023-08-25 05:23:42.114257357 +0200 CEST m=+1800.005149882,general,1800000000000,gossipFactor,8,6,12,4,8,2,1,100,1
2023-08-25 05:27:15.771791228 +0200 CEST m=+0.002197026,2023-08-25 05:57:15.773186958 +0200 CEST m=+1800.003592744,general,1800000000000,gossipFactor,8,6,12,4,8,2,1,100,1
2023-08-25 06:00:49.797607402 +0200 CEST m=+0.003105467,2023-08-25 06:30:49.858214739 +0200 CEST m=+1800.063712797,general,1800000000000,gossipFactor,8,6,12,4,8,2,1,100,1
2023-08-25 06:34:23.950253816 +0200 CEST m=+0.002776364,2023-08-25 07:04:23.953175896 +0200 CEST m=+1800.005698440,general,1800000000000,gossipFactor,8,6,12,4,8,2,0.15,100,1
2023-08-25 07:07:58.527126263 +0200 CEST m=+0.003318228,2023-08-25 07:37:58.52827583 +0200 CEST m=+1800.004467795,general,1800000000000,gossipFactor,8,6,12,4,8,2,0.15,100,1
2023-08-25 07:41:32.819142052 +0200 CEST m=+0.002199536,2023-08-25 08:11:32.823305059 +0200 CEST m=+1800.006362527,general,1800000000000,gossipFactor,8,6,12,4,8,2,0.15,100,1
2023-08-25 15:43:16.324332377 +0200 CEST m=+0.002019181,2023-08-25 16:13:16.325530931 +0200 CEST m=+1800.003217732,unl,1800000000000,reference,8,6,12,4,8,2,0.25,100,1
2023-08-25 16:16:49.696181079 +0200 CEST m=+0.002276206,2023-08-25 16:46:49.697497829 +0200 CEST m=+1800.003592946,unl,1800000000000,reference,8,6,12,4,8,2,0.25,100,1
2023-08-25 16:50:23.689999225 +0200 CEST m=+0.003407615,2023-08-25 17:20:23.692199162 +0200 CEST m=+1800.005607535,unl,1800000000000,reference,8,6,12,4,8,2,0.25,100,1
2023-08-25 17:23:57.72727341 +0200 CEST m=+0.002594587,2023-08-25 17:53:57.82797117 +0200 CEST m=+1800.103292336,unl,1800000000000,interval,8,6,12,4,8,2,0.25,100,0.5
2023-08-25 17:57:30.635017344 +0200 CEST m=+0.002412204,2023-08-25 18:27:30.736330566 +0200 CEST m=+1800.103725421,unl,1800000000000,interval,8,6,12,4,8,2,0.25,100,0.5
2023-08-25 18:31:03.633237112 +0200 CEST m=+0.002799085,2023-08-25 19:01:03.693544881 +0200 CEST m=+1800.063106833,unl,1800000000000,interval,8,6,12,4,8,2,0.25,100,0.5
2023-08-25 19:04:36.9266682 +0200 CEST m=+0.002172672,2023-08-25 19:34:36.933723552 +0200 CEST m=+1800.009228018,unl,1800000000000,interval,8,6,12,4,8,2,0.25,100,30
2023-08-25 19:38:10.17807911 +0200 CEST m=+0.002291777,2023-08-25 20:08:10.179621726 +0200 CEST m=+1800.003834390,unl,1800000000000,interval,8,6,12,4,8,2,0.25,100,30
2023-08-25 20:11:43.627021015 +0200 CEST m=+0.002268436,2023-08-25 20:41:43.628580542 +0200 CEST m=+1800.003827949,unl,1800000000000,interval,8,6,12,4,8,2,0.25,100,30
2023-08-25 20:45:16.840777856 +0200 CEST m=+0.002879697,2023-08-25 21:15:16.842755042 +0200 CEST m=+1800.004856887,unl,1800000000000,interval,8,6,12,4,8,2,0.25,100,3
2023-08-25 21:18:50.167889102 +0200 CEST m=+0.002236876,2023-08-25 21:48:50.169279796 +0200 CEST m=+1800.003627566,unl,1800000000000,interval,8,6,12,4,8,2,0.25,100,3
2023-08-25 21:52:23.890260405 +0200 CEST m=+0.002292149,2023-08-25 22:22:23.891528384 +0200 CEST m=+1800.003560126,unl,1800000000000,interval,8,6,12,4,8,2,0.25,100,3
2023-08-25 22:25:57.796234319 +0200 CEST m=+0.002440889,2023-08-25 22:55:57.799738308 +0200 CEST m=+1800.005944835,unl,1800000000000,d,24,6,12,4,8,2,0.25,100,1
2023-08-25 22:59:31.382868474 +0200 CEST m=+0.002311770,2023-08-25 23:29:31.38476063 +0200 CEST m=+1800.004203923,unl,1800000000000,d,24,6,12,4,8,2,0.25,100,1
2023-08-25 23:33:04.852917849 +0200 CEST m=+0.002238819,2023-08-26 00:03:04.857381131 +0200 CEST m=+1800.006702096,unl,1800000000000,d,24,6,12,4,8,2,0.25,100,1
2023-08-26 00:06:38.070267223 +0200 CEST m=+0.002212431,2023-08-26 00:36:38.073218355 +0200 CEST m=+1800.005163548,unl,1800000000000,d,12,6,12,4,8,2,0.25,100,1
2023-08-26 00:40:12.597231412 +0200 CEST m=+0.002604130,2023-08-26 01:10:12.602899836 +0200 CEST m=+1800.008272549,unl,1800000000000,d,12,6,12,4,8,2,0.25,100,1
2023-08-26 01:13:46.428969232 +0200 CEST m=+0.002287815,2023-08-26 01:43:46.432358953 +0200 CEST m=+1800.005677518,unl,1800000000000,d,12,6,12,4,8,2,0.25,100,1
2023-08-26 01:47:19.916581888 +0200 CEST m=+0.002446347,2023-08-26 02:17:19.920124274 +0200 CEST m=+1800.005988732,unl,1800000000000,d,6,6,12,4,8,2,0.25,100,1
2023-08-26 02:20:54.2917213 +0200 CEST m=+0.002259433,2023-08-26 02:50:54.292825864 +0200 CEST m=+1800.003363977,unl,1800000000000,d,6,6,12,4,8,2,0.25,100,1
2023-08-26 02:54:28.995295212 +0200 CEST m=+0.002487421,2023-08-26 03:24:28.997653091 +0200 CEST m=+1800.004845281,unl,1800000000000,d,6,6,12,4,8,2,0.25,100,1
2023-08-26 03:28:03.927217266 +0200 CEST m=+0.002539321,2023-08-26 03:58:03.929038909 +0200 CEST m=+1800.004360941,unl,1800000000000,dlo,8,2,12,4,8,2,0.25,100,1
2023-08-26 04:01:38.513239597 +0200 CEST m=+0.002522148,2023-08-26 04:31:38.515662592 +0200 CEST m=+1800.004945140,unl,1800000000000,dlo,8,2,12,4,8,2,0.25,100,1
2023-08-26 04:35:13.140698344 +0200 CEST m=+0.002345610,2023-08-26 05:05:13.142754812 +0200 CEST m=+1800.004402078,unl,1800000000000,dlo,8,2,12,4,8,2,0.25,100,1
2023-08-26 05:08:47.29941511 +0200 CEST m=+0.002813121,2023-08-26 05:38:47.307532753 +0200 CEST m=+1800.010930765,unl,1800000000000,dlo,8,3,12,4,8,2,0.25,100,1
2023-08-26 05:42:21.662909325 +0200 CEST m=+0.002210925,2023-08-26 06:12:21.666086213 +0200 CEST m=+1800.005387797,unl,1800000000000,dlo,8,3,12,4,8,2,0.25,100,1
2023-08-26 06:15:55.901977907 +0200 CEST m=+0.002966783,2023-08-26 06:45:55.905248573 +0200 CEST m=+1800.006237449,unl,1800000000000,dlo,8,3,12,4,8,2,0.25,100,1
2023-08-26 06:49:30.645289466 +0200 CEST m=+0.002983850,2023-08-26 07:19:30.648012377 +0200 CEST m=+1800.005706719,unl,1800000000000,dlo,8,8,12,4,8,2,0.25,100,1
2023-08-26 07:23:05.083866855 +0200 CEST m=+0.002247569,2023-08-26 07:53:05.085994103 +0200 CEST m=+1800.004374814,unl,1800000000000,dlo,8,8,12,4,8,2,0.25,100,1
2023-08-26 07:56:39.71653723 +0200 CEST m=+0.002421773,2023-08-26 08:26:39.71847387 +0200 CEST m=+1800.004358391,unl,1800000000000,dlo,8,8,12,4,8,2,0.25,100,1
2023-08-26 08:30:14.545308095 +0200 CEST m=+0.002250349,2023-08-26 09:00:14.547293169 +0200 CEST m=+1800.004235424,unl,1800000000000,dhi,8,6,6,4,8,2,0.25,100,1
2023-08-26 09:03:48.677846963 +0200 CEST m=+0.002566323,2023-08-26 09:33:48.686625655 +0200 CEST m=+1800.011344979,unl,1800000000000,dhi,8,6,6,4,8,2,0.25,100,1
2023-08-26 09:37:22.978406299 +0200 CEST m=+0.002497474,2023-08-26 10:07:22.983229438 +0200 CEST m=+1800.007320576,unl,1800000000000,dhi,8,6,6,4,8,2,0.25,100,1
2023-08-26 10:10:56.939395444 +0200 CEST m=+0.002112107,2023-08-26 10:40:56.945010759 +0200 CEST m=+1800.007727418,unl,1800000000000,dhi,8,6,24,4,8,2,0.25,100,1
2023-08-26 10:44:31.089926312 +0200 CEST m=+0.002530675,2023-08-26 11:14:31.093571067 +0200 CEST m=+1800.006175411,unl,1800000000000,dhi,8,6,24,4,8,2,0.25,100,1
2023-08-26 11:18:04.925843166 +0200 CEST m=+0.002459384,2023-08-26 11:48:04.927296555 +0200 CEST m=+1800.003912755,unl,1800000000000,dhi,8,6,24,4,8,2,0.25,100,1
2023-08-26 11:51:39.23626591 +0200 CEST m=+0.002642049,2023-08-26 12:21:39.238642301 +0200 CEST m=+1800.005018437,unl,1800000000000,dhi,8,6,8,4,8,2,0.25,100,1
2023-08-26 12:25:13.622696011 +0200 CEST m=+0.002331272,2023-08-26 12:55:13.623896475 +0200 CEST m=+1800.003531741,unl,1800000000000,dhi,8,6,8,4,8,2,0.25,100,1
2023-08-26 12:58:47.811419125 +0200 CEST m=+0.002560023,2023-08-26 13:28:47.813116882 +0200 CEST m=+1800.004257685,unl,1800000000000,dhi,8,6,8,4,8,2,0.25,100,1
2023-08-26 13:32:22.230812492 +0200 CEST m=+0.002281403,2023-08-26 14:02:22.233709818 +0200 CEST m=+1800.005178725,unl,1800000000000,dscore,8,6,12,2,8,2,0.25,100,1
2023-08-26 14:05:57.376410141 +0200 CEST m=+0.002365793,2023-08-26 14:35:57.41640284 +0200 CEST m=+1800.042358461,unl,1800000000000,dscore,8,6,12,2,8,2,0.25,100,1
2023-08-26 14:39:32.430739288 +0200 CEST m=+0.002709568,2023-08-26 15:09:32.432048481 +0200 CEST m=+1800.004018757,unl,1800000000000,dscore,8,6,12,2,8,2,0.25,100,1
2023-08-26 15:13:06.99004676 +0200 CEST m=+0.002305574,2023-08-26 15:43:06.992117168 +0200 CEST m=+1800.004375974,unl,1800000000000,dscore,8,6,12,6,8,2,0.25,100,1
2023-08-26 15:46:41.770435463 +0200 CEST m=+0.002812246,2023-08-26 16:16:41.772009192 +0200 CEST m=+1800.004385975,unl,1800000000000,dscore,8,6,12,6,8,2,0.25,100,1
2023-08-26 16:20:16.191708292 +0200 CEST m=+0.002111290,2023-08-26 16:50:16.195103229 +0200 CEST m=+1800.005506212,unl,1800000000000,dscore,8,6,12,6,8,2,0.25,100,1
2023-08-26 16:53:50.586426103 +0200 CEST m=+0.002332717,2023-08-26 17:23:50.590104062 +0200 CEST m=+1800.006010673,unl,1800000000000,dscore,8,6,12,8,8,2,0.25,100,1
2023-08-26 17:27:25.109275818 +0200 CEST m=+0.002303425,2023-08-26 17:57:25.111188356 +0200 CEST m=+1800.004215959,unl,1800000000000,dscore,8,6,12,8,8,2,0.25,100,1
2023-08-26 18:01:00.356672607 +0200 CEST m=+0.002523028,2023-08-26 18:31:00.358718867 +0200 CEST m=+1800.004569282,unl,1800000000000,dscore,8,6,12,8,8,2,0.25,100,1
2023-08-26 18:34:35.02832034 +0200 CEST m=+0.002481074,2023-08-26 19:04:35.031647656 +0200 CEST m=+1800.005808398,unl,1800000000000,dlazy,8,6,12,4,16,2,0.25,100,1
2023-08-26 19:08:09.978508352 +0200 CEST m=+0.002400428,2023-08-26 19:38:09.984198158 +0200 CEST m=+1800.008090237,unl,1800000000000,dlazy,8,6,12,4,16,2,0.25,100,1
2023-08-26 19:41:44.550285543 +0200 CEST m=+0.002599242,2023-08-26 20:11:44.554755428 +0200 CEST m=+1800.007069107,unl,1800000000000,dlazy,8,6,12,4,16,2,0.25,100,1
2023-08-26 20:15:19.362960901 +0200 CEST m=+0.002520971,2023-08-26 20:45:19.368456455 +0200 CEST m=+1800.008016492,unl,1800000000000,dlazy,8,6,12,4,4,2,0.25,100,1
2023-08-26 20:48:54.154077243 +0200 CEST m=+0.002349029,2023-08-26 21:18:54.15609129 +0200 CEST m=+1800.004363074,unl,1800000000000,dlazy,8,6,12,4,4,2,0.25,100,1
2023-08-26 21:22:28.921864629 +0200 CEST m=+0.002404875,2023-08-26 21:52:28.923200247 +0200 CEST m=+1800.003740491,unl,1800000000000,dlazy,8,6,12,4,4,2,0.25,100,1
2023-08-26 21:56:03.660886453 +0200 CEST m=+0.002839480,2023-08-26 22:26:03.662687214 +0200 CEST m=+1800.004640238,unl,1800000000000,dlazy,8,6,12,4,6,2,0.25,100,1
2023-08-26 22:29:38.995406845 +0200 CEST m=+0.002395310,2023-08-26 22:59:38.997639865 +0200 CEST m=+1800.004628310,unl,1800000000000,dlazy,8,6,12,4,6,2,0.25,100,1
2023-08-26 23:03:13.618795879 +0200 CEST m=+0.002997934,2023-08-26 23:33:13.619919643 +0200 CEST m=+1800.004121677,unl,1800000000000,dlazy,8,6,12,4,6,2,0.25,100,1
2023-08-26 23:36:48.526452687 +0200 CEST m=+0.003018585,2023-08-27 00:06:48.528062367 +0200 CEST m=+1800.004628257,unl,1800000000000,dout,8,6,12,4,8,4,0.25,100,1
2023-08-27 00:10:23.415434073 +0200 CEST m=+0.002583211,2023-08-27 00:40:23.417720286 +0200 CEST m=+1800.004869423,unl,1800000000000,dout,8,6,12,4,8,4,0.25,100,1
2023-08-27 00:43:57.863535952 +0200 CEST m=+0.002481910,2023-08-27 01:13:57.865704879 +0200 CEST m=+1800.004650814,unl,1800000000000,dout,8,6,12,4,8,4,0.25,100,1
2023-08-27 01:17:32.556297755 +0200 CEST m=+0.002467462,2023-08-27 01:47:32.561435612 +0200 CEST m=+1800.007605302,unl,1800000000000,dout,8,6,12,4,8,6,0.25,100,1
2023-08-27 01:51:07.187043335 +0200 CEST m=+0.002382360,2023-08-27 02:21:07.188977785 +0200 CEST m=+1800.004316811,unl,1800000000000,dout,8,6,12,4,8,6,0.25,100,1
2023-08-27 02:24:42.222007628 +0200 CEST m=+0.002173514,2023-08-27 02:54:42.227434282 +0200 CEST m=+1800.007600104,unl,1800000000000,dout,8,6,12,4,8,6,0.25,100,1
2023-08-27 02:58:17.122191729 +0200 CEST m=+0.002214707,2023-08-27 03:28:17.123807112 +0200 CEST m=+1800.003830086,unl,1800000000000,dout,8,6,12,4,8,1,0.25,100,1
2023-08-27 03:31:51.510608154 +0200 CEST m=+0.002329945,2023-08-27 04:01:51.513518172 +0200 CEST m=+1800.005239962,unl,1800000000000,dout,8,6,12,4,8,1,0.25,100,1
2023-08-27 04:05:26.693603362 +0200 CEST m=+0.002137801,2023-08-27 04:35:26.696137689 +0200 CEST m=+1800.004672107,unl,1800000000000,dout,8,6,12,4,8,1,0.25,100,1
2023-08-27 04:39:01.667905992 +0200 CEST m=+0.002564969,2023-08-27 05:09:01.67102992 +0200 CEST m=+1800.005688911,unl,1800000000000,gossipFactor,8,6,12,4,8,2,0.50,100,1
2023-08-27 05:12:36.955949869 +0200 CEST m=+0.002417464,2023-08-27 05:42:36.959295323 +0200 CEST m=+1800.005762905,unl,1800000000000,gossipFactor,8,6,12,4,8,2,0.50,100,1
2023-08-27 05:46:12.447909677 +0200 CEST m=+0.002692688,2023-08-27 06:16:12.45159668 +0200 CEST m=+1800.006379664,unl,1800000000000,gossipFactor,8,6,12,4,8,2,0.50,100,1
2023-08-27 06:19:47.072673247 +0200 CEST m=+0.003667882,2023-08-27 06:49:47.074850702 +0200 CEST m=+1800.005845301,unl,1800000000000,gossipFactor,8,6,12,4,8,2,1,100,1
2023-08-27 06:53:22.637173489 +0200 CEST m=+0.002553575,2023-08-27 07:23:22.639361308 +0200 CEST m=+1800.004741385,unl,1800000000000,gossipFactor,8,6,12,4,8,2,1,100,1
2023-08-27 07:26:57.60014114 +0200 CEST m=+0.002627559,2023-08-27 07:56:57.604045078 +0200 CEST m=+1800.006531477,unl,1800000000000,gossipFactor,8,6,12,4,8,2,1,100,1
2023-08-27 08:00:32.508214158 +0200 CEST m=+0.002296482,2023-08-27 08:30:32.511560428 +0200 CEST m=+1800.005642765,unl,1800000000000,gossipFactor,8,6,12,4,8,2,0.15,100,1
2023-08-27 08:34:07.612850887 +0200 CEST m=+0.002540944,2023-08-27 09:04:07.614209802 +0200 CEST m=+1800.003899833,unl,1800000000000,gossipFactor,8,6,12,4,8,2,0.15,100,1
2023-08-27 09:07:42.844597799 +0200 CEST m=+0.003620677,2023-08-27 09:37:42.847468394 +0200 CEST m=+1800.006491278,unl,1800000000000,gossipFactor,8,6,12,4,8,2,0.15,100,1
2023-08-28 11:36:41.395618229 +0200 CEST m=+0.002243593,2023-08-28 12:06:41.398028294 +0200 CEST m=+1800.004653657,general,1800000000000,reference,8,6,12,4,8,2,0.25,100,1
2023-08-28 12:10:15.733245648 +0200 CEST m=+0.002519442,2023-08-28 12:40:15.737606143 +0200 CEST m=+1800.006879908,general,1800000000000,reference,8,6,12,4,8,2,0.25,100,1
2023-08-28 12:43:50.45592738 +0200 CEST m=+0.002386063,2023-08-28 13:13:50.458730507 +0200 CEST m=+1800.005189162,general,1800000000000,reference,8,6,12,4,8,2,0.25,100,1
2023-08-28 13:17:25.009474357 +0200 CEST m=+0.003519770,2023-08-28 13:47:25.0663662 +0200 CEST m=+1800.060411608,general,1800000000000,interval,8,6,12,4,8,2,0.25,100,0.5
2023-08-28 13:50:58.929477871 +0200 CEST m=+0.002623243,2023-08-28 14:20:58.948035389 +0200 CEST m=+1800.021180759,general,1800000000000,interval,8,6,12,4,8,2,0.25,100,0.5
2023-08-28 14:24:33.198100404 +0200 CEST m=+0.003033849,2023-08-28 14:54:33.285852966 +0200 CEST m=+1800.090786417,general,1800000000000,interval,8,6,12,4,8,2,0.25,100,0.5
2023-08-28 14:58:07.044617059 +0200 CEST m=+0.002843720,2023-08-28 15:28:07.05284237 +0200 CEST m=+1800.011069049,general,1800000000000,interval,8,6,12,4,8,2,0.25,100,30
2023-08-28 15:31:41.228207398 +0200 CEST m=+0.002193626,2023-08-28 16:01:41.234102373 +0200 CEST m=+1800.008088598,general,1800000000000,interval,8,6,12,4,8,2,0.25,100,30
2023-08-28 16:05:15.035347175 +0200 CEST m=+0.002458545,2023-08-28 16:35:15.038245238 +0200 CEST m=+1800.005356608,general,1800000000000,interval,8,6,12,4,8,2,0.25,100,30
2023-08-28 16:38:48.688266951 +0200 CEST m=+0.002495691,2023-08-28 17:08:48.689878976 +0200 CEST m=+1800.004107717,general,1800000000000,interval,8,6,12,4,8,2,0.25,100,3
2023-08-28 17:12:23.359121108 +0200 CEST m=+0.002863448,2023-08-28 17:42:23.360589265 +0200 CEST m=+1800.004331602,general,1800000000000,interval,8,6,12,4,8,2,0.25,100,3
2023-08-28 17:45:58.088145705 +0200 CEST m=+0.002233733,2023-08-28 18:15:58.090157628 +0200 CEST m=+1800.004245660,general,1800000000000,interval,8,6,12,4,8,2,0.25,100,3
2023-08-28 18:19:32.316664368 +0200 CEST m=+0.002342344,2023-08-28 18:49:32.318249855 +0200 CEST m=+1800.003927817,general,1800000000000,d,24,6,12,4,8,2,0.25,100,1
2023-08-28 18:53:06.517657941 +0200 CEST m=+0.002391310,2023-08-28 19:23:06.523314552 +0200 CEST m=+1800.008047905,general,1800000000000,d,24,6,12,4,8,2,0.25,100,1
2023-08-28 19:26:40.710056916 +0200 CEST m=+0.002421607,2023-08-28 19:56:40.711500196 +0200 CEST m=+1800.003864872,general,1800000000000,d,24,6,12,4,8,2,0.25,100,1
2023-08-28 20:00:14.370695385 +0200 CEST m=+0.002680537,2023-08-28 20:30:14.372765188 +0200 CEST m=+1800.004750341,general,1800000000000,d,12,6,12,4,8,2,0.25,100,1
2023-08-28 20:33:48.947114091 +0200 CEST m=+0.002806702,2023-08-28 21:03:48.952003829 +0200 CEST m=+1800.007696416,general,1800000000000,d,12,6,12,4,8,2,0.25,100,1
2023-08-28 21:07:22.907008368 +0200 CEST m=+0.002311306,2023-08-28 21:37:22.908368026 +0200 CEST m=+1800.003670931,general,1800000000000,d,12,6,12,4,8,2,0.25,100,1
2023-08-28 21:40:56.893618322 +0200 CEST m=+0.002431090,2023-08-28 22:10:56.898371968 +0200 CEST m=+1800.007184735,general,1800000000000,d,6,6,12,4,8,2,0.25,100,1
2023-08-28 22:14:31.115310798 +0200 CEST m=+0.002276622,2023-08-28 22:44:31.117411282 +0200 CEST m=+1800.004377100,general,1800000000000,d,6,6,12,4,8,2,0.25,100,1
2023-08-28 22:48:05.291124808 +0200 CEST m=+0.004473762,2023-08-28 23:18:05.295308825 +0200 CEST m=+1800.008657782,general,1800000000000,d,6,6,12,4,8,2,0.25,100,1
2023-08-28 23:21:39.440576502 +0200 CEST m=+0.002125829,2023-08-28 23:51:39.441658231 +0200 CEST m=+1800.003207544,general,1800000000000,dlo,8,2,12,4,8,2,0.25,100,1
2023-08-28 23:55:14.349768864 +0200 CEST m=+0.002130268,2023-08-29 00:25:14.352377162 +0200 CEST m=+1800.004738550,general,1800000000000,dlo,8,2,12,4,8,2,0.25,100,1
2023-08-29 00:28:49.019263096 +0200 CEST m=+0.002214516,2023-08-29 00:58:49.020790933 +0200 CEST m=+1800.003742339,general,1800000000000,dlo,8,2,12,4,8,2,0.25,100,1
2023-08-29 01:02:23.389373848 +0200 CEST m=+0.002296038,2023-08-29 01:32:23.397383884 +0200 CEST m=+1800.010306056,general,1800000000000,dlo,8,3,12,4,8,2,0.25,100,1
2023-08-29 01:35:58.217680387 +0200 CEST m=+0.002305396,2023-08-29 02:05:58.21969109 +0200 CEST m=+1800.004316083,general,1800000000000,dlo,8,3,12,4,8,2,0.25,100,1
2023-08-29 02:09:32.804985889 +0200 CEST m=+0.002982181,2023-08-29 02:39:32.809954585 +0200 CEST m=+1800.007950876,general,1800000000000,dlo,8,3,12,4,8,2,0.25,100,1
2023-08-29 02:43:07.154457854 +0200 CEST m=+0.002420953,2023-08-29 03:13:07.158279165 +0200 CEST m=+1800.006242260,general,1800000000000,dlo,8,8,12,4,8,2,0.25,100,1
2023-08-29 03:16:41.627159151 +0200 CEST m=+0.002364407,2023-08-29 03:46:41.629064766 +0200 CEST m=+1800.004270019,general,1800000000000,dlo,8,8,12,4,8,2,0.25,100,1
2023-08-29 03:50:16.777259945 +0200 CEST m=+0.002484171,2023-08-29 04:20:16.778453209 +0200 CEST m=+1800.003677432,general,1800000000000,dlo,8,8,12,4,8,2,0.25,100,1
2023-08-29 04:23:51.625610527 +0200 CEST m=+0.002653591,2023-08-29 04:53:51.629243208 +0200 CEST m=+1800.006286275,general,1800000000000,dhi,8,6,6,4,8,2,0.25,100,1
2023-08-29 04:57:25.515440311 +0200 CEST m=+0.003174056,2023-08-29 05:27:25.520419489 +0200 CEST m=+1800.008153232,general,1800000000000,dhi,8,6,6,4,8,2,0.25,100,1
2023-08-29 05:30:59.837624622 +0200 CEST m=+0.002472891,2023-08-29 06:00:59.838923456 +0200 CEST m=+1800.003771719,general,1800000000000,dhi,8,6,6,4,8,2,0.25,100,1
2023-08-29 06:04:33.910202017 +0200 CEST m=+0.002901619,2023-08-29 06:34:33.91695034 +0200 CEST m=+1800.009649922,general,1800000000000,dhi,8,6,24,4,8,2,0.25,100,1
2023-08-29 06:38:08.045102517 +0200 CEST m=+0.002252692,2023-08-29 07:08:08.048971098 +0200 CEST m=+1800.006121260,general,1800000000000,dhi,8,6,24,4,8,2,0.25,100,1
2023-08-29 07:11:41.759132863 +0200 CEST m=+0.002369533,2023-08-29 07:41:41.761201916 +0200 CEST m=+1800.004438571,general,1800000000000,dhi,8,6,24,4,8,2,0.25,100,1
2023-08-29 07:45:16.056026392 +0200 CEST m=+0.002543907,2023-08-29 08:15:16.058561628 +0200 CEST m=+1800.005079125,general,1800000000000,dhi,8,6,8,4,8,2,0.25,100,1
2023-08-29 08:18:50.840618088 +0200 CEST m=+0.002407899,2023-08-29 08:48:50.848980644 +0200 CEST m=+1800.010770458,general,1800000000000,dhi,8,6,8,4,8,2,0.25,100,1
2023-08-29 08:52:25.646136849 +0200 CEST m=+0.003602383,2023-08-29 09:22:25.648988734 +0200 CEST m=+1800.006454280,general,1800000000000,dhi,8,6,8,4,8,2,0.25,100,1
2023-08-29 09:26:00.610086464 +0200 CEST m=+0.002271615,2023-08-29 09:56:00.613829003 +0200 CEST m=+1800.006014154,general,1800000000000,dscore,8,6,12,2,8,2,0.25,100,1
2023-08-29 09:59:34.930915783 +0200 CEST m=+0.002633118,2023-08-29 10:29:34.933033117 +0200 CEST m=+1800.004750439,general,1800000000000,dscore,8,6,12,2,8,2,0.25,100,1
2023-08-29 10:33:10.771324721 +0200 CEST m=+0.002319148,2023-08-29 11:03:10.772457127 +0200 CEST m=+1800.003451540,general,1800000000000,dscore,8,6,12,2,8,2,0.25,100,1
2023-08-29 11:06:45.844675639 +0200 CEST m=+0.002478678,2023-08-29 11:36:45.845815978 +0200 CEST m=+1800.003619021,general,1800000000000,dscore,8,6,12,6,8,2,0.25,100,1
2023-08-29 11:40:20.632539802 +0200 CEST m=+0.003274351,2023-08-29 12:10:20.637246185 +0200 CEST m=+1800.007980752,general,1800000000000,dscore,8,6,12,6,8,2,0.25,100,1
2023-08-29 12:13:55.656889678 +0200 CEST m=+0.002255608,2023-08-29 12:43:55.658024059 +0200 CEST m=+1800.003389960,general,1800000000000,dscore,8,6,12,6,8,2,0.25,100,1
2023-08-29 12:47:30.742192603 +0200 CEST m=+0.003785424,2023-08-29 13:17:30.747890841 +0200 CEST m=+1800.009483627,general,1800000000000,dscore,8,6,12,8,8,2,0.25,100,1
2023-08-29 13:21:05.906524408 +0200 CEST m=+0.002382165,2023-08-29 13:51:05.909485079 +0200 CEST m=+1800.005342838,general,1800000000000,dscore,8,6,12,8,8,2,0.25,100,1
2023-08-29 13:54:40.369166211 +0200 CEST m=+0.003194185,2023-08-29 14:24:40.371037925 +0200 CEST m=+1800.005065870,general,1800000000000,dscore,8,6,12,8,8,2,0.25,100,1
2023-08-29 14:28:15.388324299 +0200 CEST m=+0.002341835,2023-08-29 14:58:15.392237321 +0200 CEST m=+1800.006254858,general,1800000000000,dlazy,8,6,12,4,16,2,0.25,100,1
2023-08-29 15:01:50.015816812 +0200 CEST m=+0.002792898,2023-08-29 15:31:50.018105067 +0200 CEST m=+1800.005081160,general,1800000000000,dlazy,8,6,12,4,16,2,0.25,100,1
2023-08-29 15:35:25.205355757 +0200 CEST m=+0.002330880,2023-08-29 16:05:25.208046353 +0200 CEST m=+1800.005021476,general,1800000000000,dlazy,8,6,12,4,16,2,0.25,100,1
2023-08-29 16:09:00.508788966 +0200 CEST m=+0.002325536,2023-08-29 16:39:00.509909514 +0200 CEST m=+1800.003446079,general,1800000000000,dlazy,8,6,12,4,4,2,0.25,100,1
2023-08-29 16:42:34.802555774 +0200 CEST m=+0.002427582,2023-08-29 17:12:34.806299107 +0200 CEST m=+1800.006170914,general,1800000000000,dlazy,8,6,12,4,4,2,0.25,100,1
2023-08-29 17:16:09.4706754 +0200 CEST m=+0.002131519,2023-08-29 17:46:09.472404788 +0200 CEST m=+1800.003860884,general,1800000000000,dlazy,8,6,12,4,4,2,0.25,100,1
2023-08-29 17:49:44.341110353 +0200 CEST m=+0.002970772,2023-08-29 18:19:44.34404309 +0200 CEST m=+1800.005903480,general,1800000000000,dlazy,8,6,12,4,6,2,0.25,100,1
2023-08-29 18:23:19.124059317 +0200 CEST m=+0.002524719,2023-08-29 18:53:19.126882825 +0200 CEST m=+1800.005348217,general,1800000000000,dlazy,8,6,12,4,6,2,0.25,100,1
2023-08-29 18:56:53.914584106 +0200 CEST m=+0.002292634,2023-08-29 19:26:53.920543234 +0200 CEST m=+1800.008251772,general,1800000000000,dlazy,8,6,12,4,6,2,0.25,100,1
2023-08-29 19:30:28.012134014 +0200 CEST m=+0.002714487,2023-08-29 20:00:28.014086607 +0200 CEST m=+1800.004667081,general,1800000000000,dout,8,6,12,4,8,4,0.25,100,1
2023-08-29 20:04:02.355354126 +0200 CEST m=+0.002777035,2023-08-29 20:34:02.357010334 +0200 CEST m=+1800.004433243,general,1800000000000,dout,8,6,12,4,8,4,0.25,100,1
2023-08-29 20:37:37.15781002 +0200 CEST m=+0.002297253,2023-08-29 21:07:37.159475955 +0200 CEST m=+1800.003963161,general,1800000000000,dout,8,6,12,4,8,4,0.25,100,1
2023-08-29 21:11:11.806704046 +0200 CEST m=+0.003240282,2023-08-29 21:41:11.810617885 +0200 CEST m=+1800.007154121,general,1800000000000,dout,8,6,12,4,8,6,0.25,100,1
2023-08-29 21:44:46.520309252 +0200 CEST m=+0.002377637,2023-08-29 22:14:46.523071204 +0200 CEST m=+1800.005139570,general,1800000000000,dout,8,6,12,4,8,6,0.25,100,1
2023-08-29 22:18:21.245513681 +0200 CEST m=+0.002586476,2023-08-29 22:48:21.250206379 +0200 CEST m=+1800.007279130,general,1800000000000,dout,8,6,12,4,8,6,0.25,100,1
2023-08-29 22:51:56.037714587 +0200 CEST m=+0.003330276,2023-08-29 23:21:56.040618497 +0200 CEST m=+1800.006234160,general,1800000000000,dout,8,6,12,4,8,1,0.25,100,1
2023-08-29 23:25:30.715135716 +0200 CEST m=+0.002472918,2023-08-29 23:55:30.721626582 +0200 CEST m=+1800.008963778,general,1800000000000,dout,8,6,12,4,8,1,0.25,100,1
2023-08-29 23:59:05.713232482 +0200 CEST m=+0.002467409,2023-08-30 00:29:05.714274145 +0200 CEST m=+1800.003509051,general,1800000000000,dout,8,6,12,4,8,1,0.25,100,1
2023-08-30 00:32:40.74624775 +0200 CEST m=+0.002981645,2023-08-30 01:02:40.748503445 +0200 CEST m=+1800.005237340,general,1800000000000,gossipFactor,8,6,12,4,8,2,0.50,100,1
2023-08-30 01:06:15.008298419 +0200 CEST m=+0.002521776,2023-08-30 01:36:15.009682344 +0200 CEST m=+1800.003905696,general,1800000000000,gossipFactor,8,6,12,4,8,2,0.50,100,1
2023-08-30 01:39:50.054098567 +0200 CEST m=+0.002248254,2023-08-30 02:09:50.057309222 +0200 CEST m=+1800.005458920,general,1800000000000,gossipFactor,8,6,12,4,8,2,0.50,100,1
2023-08-30 02:13:24.546355144 +0200 CEST m=+0.002347879,2023-08-30 02:43:24.547673595 +0200 CEST m=+1800.003666320,general,1800000000000,gossipFactor,8,6,12,4,8,2,1,100,1
2023-08-30 02:46:59.467224464 +0200 CEST m=+0.003509284,2023-08-30 03:16:59.469032242 +0200 CEST m=+1800.005317063,general,1800000000000,gossipFactor,8,6,12,4,8,2,1,100,1
2023-08-30 03:20:34.173405679 +0200 CEST m=+0.002627582,2023-08-30 03:50:34.176968318 +0200 CEST m=+1800.006190198,general,1800000000000,gossipFactor,8,6,12,4,8,2,1,100,1
2023-08-30 03:54:09.164412947 +0200 CEST m=+0.002158729,2023-08-30 04:24:09.168579542 +0200 CEST m=+1800.006325341,general,1800000000000,gossipFactor,8,6,12,4,8,2,0.15,100,1
2023-08-30 04:27:43.911880607 +0200 CEST m=+0.002346780,2023-08-30 04:57:43.917304869 +0200 CEST m=+1800.007771027,general,1800000000000,gossipFactor,8,6,12,4,8,2,0.15,100,1
2023-08-30 05:01:19.244067838 +0200 CEST m=+0.002416125,2023-08-30 05:31:19.247290019 +0200 CEST m=+1800.005638306,general,1800000000000,gossipFactor,8,6,12,4,8,2,0.15,100,1
2023-08-31 17:06:48.914120176 +0200 CEST m=+0.002831782,2023-08-31 17:36:48.916668039 +0200 CEST m=+1800.005379651,unl,1800000000000,reference,8,6,12,4,8,2,0.25,100,1
2023-08-31 17:40:21.315183515 +0200 CEST m=+0.003415977,2023-08-31 18:10:21.317376432 +0200 CEST m=+1800.005608890,unl,1800000000000,reference,8,6,12,4,8,2,0.25,100,1
2023-08-31 18:13:53.613780583 +0200 CEST m=+0.003373329,2023-08-31 18:43:53.615604804 +0200 CEST m=+1800.005197516,unl,1800000000000,reference,8,6,12,4,8,2,0.25,100,1
2023-08-31 18:47:26.32317682 +0200 CEST m=+0.002958688,2023-08-31 19:17:26.325269244 +0200 CEST m=+1800.005051091,unl,1800000000000,reference,8,6,12,4,8,2,0.25,100,1
2023-08-31 19:20:59.630649032 +0200 CEST m=+0.002234735,2023-08-31 19:50:59.634427856 +0200 CEST m=+1800.006013571,unl,1800000000000,reference,8,6,12,4,8,2,0.25,100,1
2023-08-31 19:54:32.033971894 +0200 CEST m=+0.002209448,2023-08-31 20:24:32.035915881 +0200 CEST m=+1800.004153440,unl,1800000000000,reference,8,6,12,4,8,2,0.25,100,1
2023-09-11 18:16:21.311071396 +0200 CEST m=+0.026730235,2023-09-11 18:46:21.352286022 +0200 CEST m=+1800.067944830,unl,1800000000000,reference,8,6,12,4,8,2,0.25,100,1
2023-09-11 18:54:26.400150947 +0200 CEST m=+0.025782189,2023-09-11 19:24:26.437242282 +0200 CEST m=+1800.062873433,unl,1800000000000,reference,8,6,12,4,8,2,0.25,100,1
2023-09-11 19:31:44.192768869 +0200 CEST m=+0.046505169,2023-09-11 20:01:44.215935086 +0200 CEST m=+1800.069671136,unl,1800000000000,reference,8,6,12,4,8,2,0.25,100,1
2023-09-11 20:09:04.888330429 +0200 CEST m=+0.021611838,2023-09-11 20:39:04.939909085 +0200 CEST m=+1800.073190373,unl,1800000000000,reference,8,6,12,4,8,2,0.25,100,1
2023-09-11 20:46:25.815246031 +0200 CEST m=+0.018132992,2023-09-11 21:16:25.846143001 +0200 CEST m=+1800.049029960,unl,1800000000000,reference,8,6,12,4,8,2,0.25,100,1
2023-09-11 21:23:45.107830069 +0200 CEST m=+0.026761405,2023-09-11 21:53:45.125935415 +0200 CEST m=+1800.044866700,unl,1800000000000,reference,8,6,12,4,8,2,0.25,100,1
2023-09-11 22:01:05.591336973 +0200 CEST m=+0.026925002,2023-09-11 22:31:05.618864538 +0200 CEST m=+1800.054452516,unl,1800000000000,1,16,8,20,4,8,2,0.25,100,1
2023-09-11 22:38:25.838259554 +0200 CEST m=+0.017498438,2023-09-11 23:08:25.865853387 +0200 CEST m=+1800.045092301,unl,1800000000000,1,16,8,20,4,8,2,0.25,100,1
2023-09-11 23:15:47.070403291 +0200 CEST m=+0.045643791,2023-09-11 23:45:47.098948649 +0200 CEST m=+1800.074188908,unl,1800000000000,1,16,8,20,4,8,2,0.25,100,1
2023-09-11 23:53:08.291059085 +0200 CEST m=+0.028672916,2023-09-12 00:23:08.32579773 +0200 CEST m=+1800.063411390,unl,1800000000000,2,8,6,16,4,8,2,0.25,100,1
2023-09-12 00:30:35.197020057 +0200 CEST m=+0.027592510,2023-09-12 01:00:35.218735561 +0200 CEST m=+1800.049308048,unl,1800000000000,2,8,6,16,4,8,2,0.25,100,1
2023-09-12 01:08:02.316974506 +0200 CEST m=+0.017512173,2023-09-12 01:38:02.333525427 +0200 CEST m=+1800.034063089,unl,1800000000000,2,8,6,16,4,8,2,0.25,100,1
2023-09-12 01:45:26.220791942 +0200 CEST m=+0.022022867,2023-09-12 02:15:26.237085408 +0200 CEST m=+1800.038316273,unl,1800000000000,3,10,8,16,4,8,2,0.25,100,1
2023-09-12 02:22:55.175407045 +0200 CEST m=+0.019523050,2023-09-12 02:52:55.217412319 +0200 CEST m=+1800.061528289,unl,1800000000000,3,10,8,16,4,8,2,0.25,100,1
2023-09-12 03:00:23.159000735 +0200 CEST m=+0.016948975,2023-09-12 03:30:23.182209615 +0200 CEST m=+1800.040157855,unl,1800000000000,3,10,8,16,4,8,2,0.25,100,1
2023-09-12 03:37:53.604137084 +0200 CEST m=+0.036233929,2023-09-12 04:07:53.639540091 +0200 CEST m=+1800.071636871,unl,1800000000000,4,16,8,20,4,8,2,0.25,100,0.5
2023-09-12 04:15:05.300489663 +0200 CEST m=+0.021364674,2023-09-12 04:45:05.343094293 +0200 CEST m=+1800.063969295,unl,1800000000000,4,16,8,20,4,8,2,0.25,100,0.5
2023-09-12 04:52:20.21758481 +0200 CEST m=+0.035104183,2023-09-12 05:22:20.261011899 +0200 CEST m=+1800.078531287,unl,1800000000000,4,16,8,20,4,8,2,0.25,100,0.5
2023-09-12 05:29:30.677875657 +0200 CEST m=+0.027145657,2023-09-12 05:59:30.788304354 +0200 CEST m=+1800.137574343,unl,1800000000000,5,8,6,16,4,8,2,0.25,100,0.25
2023-09-12 06:06:44.670152044 +0200 CEST m=+0.032583024,2023-09-12 06:36:44.739271813 +0200 CEST m=+1800.101702677,unl,1800000000000,5,8,6,16,4,8,2,0.25,100,0.25
2023-09-12 06:43:58.108472275 +0200 CEST m=+0.017059031,2023-09-12 07:13:58.14864349 +0200 CEST m=+1800.057230236,unl,1800000000000,5,8,6,16,4,8,2,0.25,100,0.25
2023-09-12 07:21:09.127799132 +0200 CEST m=+0.017974835,2023-09-12 07:51:09.152041034 +0200 CEST m=+1800.042216687,unl,1800000000000,6,16,8,20,6,8,2,0.25,100,1
2023-09-12 18:00:05.647328228 +0200 CEST m=+0.018461235,2023-09-12 18:30:05.648942933 +0200 CEST m=+1800.020075902,unl,1800000000000,reference,8,6,12,4,8,2,0.25,100,1
2023-09-12 18:33:30.336184633 +0200 CEST m=+0.002541677,2023-09-12 19:03:30.340082519 +0200 CEST m=+1800.006439554,unl,1800000000000,reference,8,6,12,4,8,2,0.25,100,1
2023-09-12 19:07:00.340363602 +0200 CEST m=+0.002601991,2023-09-12 19:37:00.350078748 +0200 CEST m=+1800.012317125,unl,1800000000000,reference,8,6,12,4,8,2,0.25,100,1
2023-09-12 19:40:30.197879269 +0200 CEST m=+0.002345014,2023-09-12 20:10:30.20175515 +0200 CEST m=+1800.006220878,unl,1800000000000,reference,8,6,12,4,8,2,0.25,100,1
2023-09-12 20:14:00.4860767 +0200 CEST m=+0.002268137,2023-09-12 20:44:00.488068261 +0200 CEST m=+1800.004259687,unl,1800000000000,reference,8,6,12,4,8,2,0.25,100,1
2023-09-12 20:47:31.535544511 +0200 CEST m=+0.002169523,2023-09-12 21:17:31.538321847 +0200 CEST m=+1800.004946848,unl,1800000000000,reference,8,6,12,4,8,2,0.25,100,1
2023-09-12 21:21:03.254452894 +0200 CEST m=+0.002609496,2023-09-12 21:51:03.256828734 +0200 CEST m=+1800.004985330,unl,1800000000000,1,16,8,20,4,8,2,0.25,100,1
2023-09-12 21:54:35.067322743 +0200 CEST m=+0.003209600,2023-09-12 22:24:35.069863713 +0200 CEST m=+1800.005750529,unl,1800000000000,1,16,8,20,4,8,2,0.25,100,1
2023-09-12 22:28:06.914442478 +0200 CEST m=+0.002761476,2023-09-12 22:58:06.919471536 +0200 CEST m=+1800.007790522,unl,1800000000000,1,16,8,20,4,8,2,0.25,100,1
2023-09-12 23:01:39.115374881 +0200 CEST m=+0.002900684,2023-09-12 23:31:39.121305819 +0200 CEST m=+1800.008831621,unl,1800000000000,2,8,6,16,4,8,2,0.25,100,1
2023-09-12 23:35:11.740199914 +0200 CEST m=+0.002643342,2023-09-13 00:05:11.743607458 +0200 CEST m=+1800.006050892,unl,1800000000000,2,8,6,16,4,8,2,0.25,100,1
2023-09-13 00:08:44.611114914 +0200 CEST m=+0.002349390,2023-09-13 00:38:44.61460101 +0200 CEST m=+1800.005835487,unl,1800000000000,2,8,6,16,4,8,2,0.25,100,1
2023-09-13 00:42:17.716410873 +0200 CEST m=+0.002375860,2023-09-13 01:12:17.718366471 +0200 CEST m=+1800.004331452,unl,1800000000000,3,10,8,16,4,8,2,0.25,100,1
2023-09-13 01:15:50.652010755 +0200 CEST m=+0.002827512,2023-09-13 01:45:50.655120851 +0200 CEST m=+1800.005937601,unl,1800000000000,3,10,8,16,4,8,2,0.25,100,1
2023-09-13 01:49:23.648629321 +0200 CEST m=+0.003192843,2023-09-13 02:19:23.651938447 +0200 CEST m=+1800.006501971,unl,1800000000000,3,10,8,16,4,8,2,0.25,100,1
2023-09-13 02:22:56.816102935 +0200 CEST m=+0.002351617,2023-09-13 02:52:56.849305344 +0200 CEST m=+1800.035554024,unl,1800000000000,4,16,8,20,4,8,2,0.25,100,0.5
2023-09-13 02:56:28.416547827 +0200 CEST m=+0.002187103,2023-09-13 03:26:28.474224908 +0200 CEST m=+1800.059864184,unl,1800000000000,4,16,8,20,4,8,2,0.25,100,0.5
2023-09-13 03:29:59.493099475 +0200 CEST m=+0.002219277,2023-09-13 03:59:59.494517916 +0200 CEST m=+1800.003637677,unl,1800000000000,4,16,8,20,4,8,2,0.25,100,0.5
2023-09-13 04:03:31.870445613 +0200 CEST m=+0.002934307,2023-09-13 04:33:31.893445432 +0200 CEST m=+1800.025934125,unl,1800000000000,5,8,6,16,4,8,2,0.25,100,0.25
2023-09-13 04:37:03.914086914 +0200 CEST m=+0.002655383,2023-09-13 05:07:04.015665722 +0200 CEST m=+1800.104234176,unl,1800000000000,5,8,6,16,4,8,2,0.25,100,0.25
2023-09-13 05:10:36.383444065 +0200 CEST m=+0.002496454,2023-09-13 05:40:36.394400304 +0200 CEST m=+1800.013452693,unl,1800000000000,5,8,6,16,4,8,2,0.25,100,0.25
2023-09-13 05:44:08.909444492 +0200 CEST m=+0.002285250,2023-09-13 06:14:08.912200336 +0200 CEST m=+1800.005041064,unl,1800000000000,6,16,8,20,6,8,2,0.25,100,1
2023-09-13 06:17:41.689950399 +0200 CEST m=+0.002180811,2023-09-13 06:47:41.697358794 +0200 CEST m=+1800.009589185,unl,1800000000000,6,16,8,20,6,8,2,0.25,100,1
2023-09-13 06:51:14.878096292 +0200 CEST m=+0.003237310,2023-09-13 07:21:14.885152413 +0200 CEST m=+1800.010293411,unl,1800000000000,6,16,8,20,6,8,2,0.25,100,1
2023-09-13 07:24:47.095902817 +0200 CEST m=+0.002590122,2023-09-13 07:54:47.102738808 +0200 CEST m=+1800.009426114,unl,1800000000000,7,10,8,16,4,8,4,0.25,100,1
2023-09-13 07:58:19.632062514 +0200 CEST m=+0.002241782,2023-09-13 08:28:19.636190791 +0200 CEST m=+1800.006370055,unl,1800000000000,7,10,8,16,4,8,4,0.25,100,1
2023-09-13 08:31:52.290074898 +0200 CEST m=+0.002378002,2023-09-13 09:01:52.299053909 +0200 CEST m=+1800.011356973,unl,1800000000000,7,10,8,16,4,8,4,0.25,100,1
2023-09-13 09:05:25.674270395 +0200 CEST m=+0.002304391,2023-09-13 09:35:25.678654861 +0200 CEST m=+1800.006688839,unl,1800000000000,8,10,8,16,4,8,2,0.15,100,1
2023-09-13 09:38:58.65507176 +0200 CEST m=+0.002332961,2023-09-13 10:08:58.658298106 +0200 CEST m=+1800.005559286,unl,1800000000000,8,10,8,16,4,8,2,0.15,100,1
2023-09-13 10:12:32.247742896 +0200 CEST m=+0.002482697,2023-09-13 10:42:32.249648385 +0200 CEST m=+1800.004388186,unl,1800000000000,8,10,8,16,4,8,2,0.15,100,1
